Date,Volume,EMA10,EMA50,EMA200,Open,High,Low,Close(t)
10/16/2015,25412900,95.48,95.48,95.48,96.18,97.59,95.35,97.54
10/19/2015,23729900,96.48,96.48,96.48,97.18,98.57,96.92,98.47
10/20/2015,30881800,96.65,96.65,96.65,98.73,99.59,96.56,97
10/21/2015,21917800,96.8,96.8,96.8,97.37,98.18,96.47,97.11
10/22/2015,26392100,97.76,97.76,97.76,97.79,99.73,97.55,99.67
10/23/2015,42809700,99.24,99.24,99.24,101.91,102.85,100.16,102.19
10/26/2015,25961200,100.75,100.75,100.75,102.2,103.81,101.55,103.77
10/27/2015,23795500,101.73,101.73,101.73,102.94,104.1,102.4,103.7
10/28/2015,24081500,102.55,102.55,102.55,103.9,104.48,102.92,104.2
10/29/2015,20316700,103.33,103.33,103.33,103.96,105.12,103.52,104.88
10/30/2015,33487100,102.88,102.88,102.88,104.51,104.72,101.65,101.97
11/2/2015,24003900,103.02,103.02,103.02,101.72,103.47,101.18,103.31
11/3/2015,21242300,102.87,102.87,102.87,103.22,103.65,102.4,102.58
11/4/2015,43469300,103.23,103.23,103.23,103.19,104.14,102.48,103.94
11/5/2015,63232900,105.07,105.07,105.07,108.8,110.65,107.95,108.76
11/6/2015,35084300,105.75,105.75,105.75,108.04,108.74,105.91,107.1
11/9/2015,26383500,106,106,106,107,108.25,105.86,106.49
11/10/2015,25031700,106.63,106.63,106.63,105.96,108.15,105.24,107.91
11/11/2015,25057100,107.43,107.43,107.43,108.27,109.87,107.11,109.01
11/12/2015,20924700,107.62,107.62,107.62,108.48,109.39,108,108.02
11/13/2015,30278400,106.4,106.4,106.4,107.71,108.25,103.83,103.95
11/16/2015,49309200,105.61,105.61,105.61,103.32,104.17,100.47,104.04
11/17/2015,26807200,105.45,105.45,105.45,104.62,106.2,104.14,105.13
11/18/2015,23836500,106.22,106.22,106.22,105.8,107.88,105.39,107.77
11/19/2015,25520600,106.24,106.24,106.24,107.36,107.73,105.95,106.26
11/20/2015,22129600,106.6,106.6,106.6,106.84,107.87,106.62,107.32
11/23/2015,19897200,106.72,106.72,106.72,107.19,107.47,106.08,106.95
11/24/2015,23577300,106.39,106.39,106.39,106,106.49,104.39,105.74
11/25/2015,15150800,106.06,106.06,106.06,106.33,106.6,105.1,105.41
11/27/2015,5913100,105.86,105.86,105.86,105.78,105.96,104.86,105.45
11/30/2015,20383200,105.32,105.32,105.32,105.84,106.1,103.75,104.24
12/1/2015,22781900,105.92,105.92,105.92,104.83,107.15,104.5,107.12
12/2/2015,24429100,105.97,105.97,105.97,107,107.92,105.79,106.07
12/3/2015,23236500,105.44,105.44,105.44,106.27,106.85,103.35,104.38
12/4/2015,21224700,105.69,105.69,105.69,104.81,107.73,104.11,106.18
12/7/2015,15474900,105.66,105.66,105.66,106.48,106.83,104.66,105.61
12/8/2015,20401800,105.94,105.94,105.94,104,106.91,103.95,106.49
12/9/2015,23517300,105.49,105.49,105.49,106.18,106.44,103.55,104.6
12/10/2015,17454300,105.47,105.47,105.47,105.05,106.4,104.41,105.42
12/11/2015,26427700,104.35,104.35,104.35,104.15,104.34,101.91,102.12
12/14/2015,24648100,104.45,104.45,104.45,102.29,104.74,101.46,104.66
12/15/2015,21764300,104.49,104.49,104.49,105.3,105.8,104.28,104.55
12/16/2015,22680500,105.25,105.25,105.25,105.37,107.09,104.19,106.79
12/17/2015,21675700,105.58,105.58,105.58,107.49,107.75,106.13,106.22
12/18/2015,35994200,105.06,105.06,105.06,106.08,106.59,103.97,104.04
12/21/2015,16138800,104.97,104.97,104.97,104.91,105.15,103.6,104.77
12/22/2015,14597100,105.15,105.15,105.15,105.22,105.66,104.81,105.51
12/23/2015,19599700,104.97,104.97,104.97,105.89,106.11,103.86,104.63
12/24/2015,6501800,104.99,104.99,104.99,104.74,105.32,104.5,105.02
12/28/2015,13069700,105.3,105.3,105.3,105.02,105.98,104.53,105.93
12/29/2015,17179900,105.96,105.96,105.96,106.42,107.74,106.25,107.26
12/30/2015,13115000,106.04,106.04,106.04,107,107.25,106.06,106.22
12/31/2015,18391100,105.58,105.58,105.58,106,106.17,104.62,104.66
1/4/2016,37912400,104.46,104.46,104.46,101.95,102.24,99.75,102.22
1/5/2016,23258200,103.88,103.88,103.88,102.89,103.71,101.67,102.73
1/6/2016,25096200,103.58,103.58,103.58,101.13,103.77,100.9,102.97
1/7/2016,45172900,101.69,101.69,101.69,100.5,101.43,97.3,97.92
1/8/2016,35402300,100.24,100.24,100.24,99.88,100.5,97.03,97.33
1/11/2016,29932400,99.33,99.33,99.33,97.91,98.6,95.39,97.51
1/12/2016,28395400,99.34,99.34,99.34,99,99.96,97.55,99.37
1/13/2016,33410600,98.04,98.04,98.04,100.58,100.58,95.21,95.44
1/14/2016,48658600,98.15,98.15,98.15,95.85,98.87,92.45,98.37
1/15/2016,46132800,97.09,97.09,97.09,93.98,96.38,93.54,94.97
1/19/2016,30998300,96.48,96.48,96.48,96.53,97.42,93.92,95.26
1/20/2016,59051400,95.77,95.77,95.77,92.83,95,89.37,94.35
1/21/2016,30518900,95.23,95.23,95.23,94.91,95.99,92.62,94.16
1/22/2016,30495400,96.14,96.14,96.14,96.41,98.07,95.49,97.94
1/25/2016,32482000,96.43,96.43,96.43,98.72,99.48,96.93,97.01
1/26/2016,26877100,96.73,96.73,96.73,97.76,97.88,95.66,97.34
1/27/2016,58699400,95.97,95.97,95.97,97.79,97.85,94.23,94.45
1/28/2016,107475300,100.35,100.35,100.35,107.2,110.34,104.81,109.11
1/29/2016,62739500,104.3,104.3,104.3,108.99,112.84,108.84,112.21
2/1/2016,46132700,107.9,107.9,107.9,112.27,115.72,112.01,115.09
2/2/2016,59778600,110.14,110.14,110.14,114.8,117.59,113.2,114.61
2/3/2016,56919300,110.99,110.99,110.99,115.27,115.34,109.75,112.69
2/4/2016,38890200,110.82,110.82,110.82,111.8,111.94,109.25,110.49
2/5/2016,76894700,108.57,108.57,108.57,109.51,109.58,103.18,104.07
2/8/2016,71229700,105.63,105.63,105.63,100.41,102.68,97.46,99.75
2/9/2016,62709000,103.6,103.6,103.6,97.14,102.4,96.82,99.54
2/10/2016,45179400,102.73,102.73,102.73,101.55,103.25,100.24,101
2/11/2016,43670600,102.46,102.46,102.46,99.6,105.11,98.88,101.91
2/12/2016,36176800,102.31,102.31,102.31,103.74,104.24,101.09,102.01
2/16/2016,45687200,102.08,102.08,102.08,103.8,103.93,100.24,101.61
2/17/2016,44073400,103.12,103.12,103.12,102.02,105.72,100.4,105.2
2/18/2016,29593500,103.24,103.24,103.24,105.8,106,103.03,103.47
2/19/2016,32404500,103.68,103.68,103.68,102.55,105.02,102.06,104.57
2/22/2016,35709700,104.84,104.84,104.84,105.49,108.25,105.34,107.16
2/23/2016,25319300,105.05,105.05,105.05,106.85,107.47,105.12,105.46
2/24/2016,34412400,105.66,105.66,105.66,104.21,106.95,102.74,106.88
2/25/2016,29906300,106.46,106.46,106.46,107.11,108.07,105.61,108.07
2/26/2016,26686200,106.95,106.95,106.95,108.7,109.45,107.16,107.92
2/29/2016,32779000,106.94,106.94,106.94,107.6,108.91,106.75,106.92
3/1/2016,26817300,107.9,107.9,107.9,107.83,109.82,107.6,109.82
3/2/2016,25670200,108.58,108.58,108.58,109.68,110.55,108.77,109.95
3/3/2016,21353100,108.92,108.92,108.92,110.25,110.3,108.54,109.58
3/4/2016,24938900,108.74,108.74,108.74,110.05,110.05,107.93,108.39
3/7/2016,31436400,107.74,107.74,107.74,108.07,108.07,104.72,105.73
3/8/2016,25617000,107.13,107.13,107.13,104.78,107.37,104.4,105.93
3/9/2016,20493300,107.26,107.26,107.26,106.7,107.51,105.49,107.51
3/10/2016,24854300,107.28,107.28,107.28,107.91,108.66,105.77,107.32
3/11/2016,20697600,107.99,107.99,107.99,108.48,109.42,107.92,109.41
3/14/2016,17249400,108.62,108.62,108.62,109.28,110.33,108.77,109.89
3/15/2016,17618500,109.31,109.31,109.31,109.11,110.83,108.84,110.67
3/16/2016,24744800,110.26,110.26,110.26,110.49,112.5,110.1,112.18
3/17/2016,24241200,110.52,110.52,110.52,112.15,112.69,110.73,111.02
3/18/2016,36256900,110.83,110.83,110.83,111.56,112.42,110.27,111.45
3/21/2016,18448000,111.17,111.17,111.17,111.66,112.37,111.03,111.85
3/22/2016,19001100,111.53,111.53,111.53,111.36,112.88,111.17,112.25
3/23/2016,18562000,111.87,111.87,111.87,112.01,113.19,112,112.54
3/24/2016,17839100,112.26,112.26,112.26,112.13,113.09,111.68,113.05
3/28/2016,21351800,112.74,112.74,112.74,113.32,114.59,112.95,113.69
3/29/2016,29825300,113.87,113.87,113.87,113.83,116.32,113.64,116.14
3/30/2016,33235200,114.15,114.15,114.15,116.73,116.99,114.36,114.7
3/31/2016,21207500,114.13,114.13,114.13,114.7,115.01,113.77,114.1
4/1/2016,24760500,114.77,114.77,114.77,113.75,116.17,113.35,116.06
4/4/2016,48487900,114.03,114.03,114.03,114.07,114.55,111.61,112.55
4/5/2016,22962400,113.43,113.43,113.43,112.11,113.32,111.9,112.22
4/6/2016,20814600,113.52,113.52,113.52,112.47,113.81,112.42,113.71
4/7/2016,20714500,113.56,113.56,113.56,113.79,114.89,113.07,113.64
4/8/2016,48497800,112.58,112.58,112.58,114.25,114.33,109.9,110.63
4/11/2016,39762300,111.39,111.39,111.39,110.7,110.91,108.77,108.99
4/12/2016,26248100,111.13,111.13,111.13,109.34,111.16,108.99,110.61
4/13/2016,88227400,110.92,110.92,110.92,112.23,112.65,106.52,110.51
4/14/2016,28473300,110.89,110.89,110.89,110.62,112.04,110.26,110.84
4/15/2016,20922800,110.48,110.48,110.48,110.79,110.97,109.2,109.64
4/18/2016,21167200,110.47,110.47,110.47,109.74,110.81,109.2,110.45
4/19/2016,30210500,111.08,111.08,111.08,111.1,112.45,109.16,112.29
4/20/2016,21027900,111.52,111.52,111.52,112.43,113.27,111.56,112.42
4/21/2016,20875200,112.16,112.16,112.16,112.55,114.04,112.31,113.44
4/22/2016,38458200,111.63,111.63,111.63,111.21,111.75,109.01,110.56
4/25/2016,21017900,111.12,111.12,111.12,109.87,110.67,109.07,110.1
4/26/2016,22521500,110.33,110.33,110.33,110.49,110.5,108.15,108.76
4/27/2016,52213100,109.85,109.85,109.85,107.94,108.94,106.31,108.89
4/28/2016,87110100,112.14,112.14,112.14,119.58,120.79,116.23,116.73
4/29/2016,37140600,113.96,113.96,113.96,116.82,117.84,115.84,117.58
5/2/2016,28095200,115.49,115.49,115.49,117.83,118.73,116.57,118.57
5/3/2016,24117500,116.14,116.14,116.14,117.52,118.16,117.02,117.43
5/4/2016,23448400,116.78,116.78,116.78,116.61,118.3,116.57,118.06
5/5/2016,22056700,117.12,117.12,117.12,118.04,118.98,117.25,117.81
5/6/2016,26395600,117.91,117.91,117.91,117.16,119.64,117.11,119.49
5/9/2016,21138100,118.35,118.35,118.35,119.54,120.28,118.9,119.24
5/10/2016,23220000,119.07,119.07,119.07,119.62,120.5,119,120.5
5/11/2016,22038400,119.22,119.22,119.22,120.41,121.08,119.42,119.52
5/12/2016,22035500,119.57,119.57,119.57,119.98,120.84,118.9,120.28
5/13/2016,18124300,119.65,119.65,119.65,120.38,120.64,119.68,119.81
5/16/2016,31247800,119.32,119.32,119.32,119.38,119.61,117.35,118.67
5/17/2016,21328600,118.67,118.67,118.67,118.82,119.01,117.2,117.35
5/18/2016,21642300,118.33,118.33,118.33,116.8,118.27,116.73,117.65
5/19/2016,20544100,117.82,117.82,117.82,117.05,117.49,115.88,116.81
5/20/2016,18944800,117.66,117.66,117.66,116.96,117.99,116.95,117.35
5/23/2016,20441000,117.1,117.1,117.1,117.42,117.6,115.94,115.97
5/24/2016,20183600,117.3,117.3,117.3,116.24,117.73,116.12,117.7
5/25/2016,20019800,117.5,117.5,117.5,118.13,118.67,117.38,117.89
5/26/2016,18481300,118.15,118.15,118.15,118.24,119.76,117.92,119.47
5/27/2016,13493600,118.56,118.56,118.56,119.56,119.85,119.01,119.38
5/31/2016,23547600,118.65,118.65,118.65,119.46,120.1,118.12,118.81
6/1/2016,15029500,118.69,118.69,118.69,118.5,119.08,117.82,118.78
6/2/2016,13228300,118.77,118.77,118.77,118.69,119.44,118.22,118.93
6/3/2016,14135100,118.67,118.67,118.67,118.98,118.98,117.86,118.47
6/6/2016,12744700,118.71,118.71,118.71,118.62,119.43,118.36,118.79
6/7/2016,17103000,118.39,118.39,118.39,119.24,119.3,117.67,117.76
6/8/2016,14505600,118.39,118.39,118.39,117.76,118.6,117.27,118.39
6/9/2016,13859200,118.45,118.45,118.45,118.13,118.68,117.71,118.56
6/10/2016,18510800,117.84,117.84,117.84,117.54,118.11,116.26,116.62
6/13/2016,31718200,116.54,116.54,116.54,115,115.48,113.31,113.95
6/14/2016,17618500,116.01,116.01,116.01,114.07,114.95,113.58,114.94
6/15/2016,19819400,115.54,115.54,115.54,115.3,115.44,114.07,114.6
6/16/2016,19236300,115.16,115.16,115.16,113.87,114.5,112.94,114.39
6/17/2016,24644300,114.44,114.44,114.44,114.42,114.43,112.56,113.02
6/20/2016,20785400,114.09,114.09,114.09,113.77,114.72,112.75,113.37
6/21/2016,19166300,114.18,114.18,114.18,114.12,115.21,113.97,114.38
6/22/2016,14846300,114.09,114.09,114.09,114.65,114.74,113.61,113.91
6/23/2016,16176900,114.42,114.42,114.42,114.37,115.09,113.54,115.08
6/24/2016,40643100,113.64,113.64,113.64,111.01,113.68,111,112.08
6/27/2016,36130400,112.08,112.08,112.08,111.57,111.57,108.23,108.97
6/28/2016,26813800,112.29,112.29,112.29,110.63,112.75,110.55,112.7
6/29/2016,20968300,112.91,112.91,112.91,113.37,114.25,113.04,114.16
6/30/2016,23192700,113.37,113.37,113.37,114.67,115.18,113.67,114.28
7/1/2016,14980000,113.64,113.64,113.64,114.2,115.13,113.81,114.19
7/5/2016,14207000,113.83,113.83,113.83,113.94,114.2,112.97,114.2
7/6/2016,24337600,114.79,114.79,114.79,113.36,116.79,112.97,116.7
7/7/2016,16630200,115.14,115.14,115.14,116.63,116.97,115.36,115.85
7/8/2016,18142600,115.84,115.84,115.84,116.43,117.5,115.85,117.24
7/11/2016,17711600,116.52,116.52,116.52,117.71,118.7,117.5,117.87
7/12/2016,15217700,116.99,116.99,116.99,118.63,118.72,117.57,117.93
7/13/2016,16207700,116.92,116.92,116.92,118.39,118.4,116.68,116.78
7/14/2016,14579700,117.04,117.04,117.04,117.5,117.64,116.7,117.29
7/15/2016,16646000,116.98,116.98,116.98,117.74,118.28,116.58,116.86
7/18/2016,20868400,117.78,117.78,117.78,117.32,119.61,116.89,119.37
7/19/2016,21541300,118.72,118.72,118.72,118.99,120.85,118.66,120.61
7/20/2016,20046500,119.79,119.79,119.79,121.25,122.2,120.56,121.92
7/21/2016,17801700,120.06,120.06,120.06,121.92,122.1,120.25,120.61
7/22/2016,18422400,120.37,120.37,120.37,119.9,121.01,119.31,121
7/25/2016,18487400,120.79,120.79,120.79,121.39,121.85,117.78,121.63
7/26/2016,17612000,120.94,120.94,120.94,122,122.07,120.75,121.22
7/27/2016,52654200,121.74,121.74,121.74,122.42,125,121.51,123.34
7/28/2016,78955800,122.82,122.82,122.82,127.52,128.33,123.63,125
7/29/2016,35058800,123.2,123.2,123.2,124.65,125.84,123.71,123.94
8/1/2016,25006900,123.57,123.57,123.57,123.85,124.58,122.86,124.31
8/2/2016,23968400,123.41,123.41,123.41,124.06,124.8,122.07,123.09
8/3/2016,18525300,123.11,123.11,123.11,123.09,123.92,122.31,122.51
8/4/2016,21066000,123.53,123.53,123.53,122.94,124.79,122.51,124.36
8/5/2016,20184000,124.07,124.07,124.07,124.98,125.84,124.62,125.15
8/8/2016,15233900,124.46,124.46,124.46,125.25,125.45,124.55,125.26
8/9/2016,19621000,124.66,124.66,124.66,125.34,126.09,124.53,125.06
8/10/2016,10670100,124.74,124.74,124.74,125.07,125.48,124.54,124.88
8/11/2016,11729500,124.79,124.79,124.79,125.2,125.38,124.75,124.9
8/12/2016,12159000,124.82,124.82,124.82,124.7,125,124.18,124.88
8/15/2016,19295100,124.51,124.51,124.51,124.91,124.92,123.7,123.9
8/16/2016,14222400,124.11,124.11,124.11,123.5,123.92,122.78,123.3
8/17/2016,13794200,124.2,124.2,124.2,123.66,124.38,122.85,124.37
8/18/2016,12400800,124.1,124.1,124.1,124.01,124.26,123.64,123.91
8/19/2016,11688300,123.92,123.92,123.92,123.6,124.16,123.28,123.56
8/22/2016,14386400,124,124,124,123.33,124.83,123.11,124.15
8/23/2016,13309500,124.12,124.12,124.12,124.51,125.09,124.25,124.37
8/24/2016,12243700,123.91,123.91,123.91,124.47,124.69,123.09,123.48
8/25/2016,10730800,123.9,123.9,123.9,123.12,124.37,123.1,123.89
8/26/2016,17504800,124.25,124.25,124.25,124.05,125.19,123.91,124.96
8/29/2016,15925900,125.02,125.02,125.02,124.35,126.73,124.35,126.54
8/30/2016,17804300,125.29,125.29,125.29,126.6,126.6,125.15,125.84
8/31/2016,14200600,125.57,125.57,125.57,125.6,126.22,125.1,126.12
9/1/2016,13536100,125.77,125.77,125.77,126.38,126.63,125.6,126.17
9/2/2016,12118800,126.02,126.02,126.02,126.85,126.86,126,126.51
9/6/2016,26278400,127.25,127.25,127.25,126.67,129.94,126.47,129.73
9/7/2016,27990800,128.52,128.52,128.52,130.04,131.98,129.95,131.05
9/8/2016,15676600,129.1,129.1,129.1,130.92,131.08,129.81,130.27
9/9/2016,27100700,128.44,128.44,128.44,129.71,129.95,127.1,127.1
9/12/2016,21252800,128.52,128.52,128.52,125.96,128.76,125.75,128.69
9/13/2016,18016200,128.08,128.08,128.08,128.03,128.35,126.66,127.21
9/14/2016,15691100,127.98,127.98,127.98,126.89,128.8,126.89,127.77
9/15/2016,15077200,128.1,128.1,128.1,127.98,129.1,127.67,128.35
9/16/2016,24119200,128.43,128.43,128.43,128.2,129.18,128.2,129.07
9/19/2016,14958800,128.5,128.5,128.5,129.91,129.94,128.26,128.65
9/20/2016,11083800,128.55,128.55,128.55,128.65,129.17,128.03,128.64
9/21/2016,14068300,129.01,129.01,129.01,129.13,130.01,128.39,129.94
9/22/2016,15538300,129.37,129.37,129.37,130.5,130.73,129.56,130.08
9/23/2016,28326300,128.9,128.9,128.9,127.56,128.6,127.3,127.96
9/26/2016,15064900,128.37,128.37,128.37,127.37,128.16,126.8,127.31
9/27/2016,15637100,128.48,128.48,128.48,127.61,129.01,127.43,128.69
9/28/2016,12047600,128.73,128.73,128.73,129.21,129.47,128.4,129.23
9/29/2016,14532200,128.51,128.51,128.51,129.18,129.29,127.55,128.09
9/30/2016,18402900,128.43,128.43,128.43,128.03,128.59,127.45,128.27
10/3/2016,13156900,128.55,128.55,128.55,128.38,129.09,127.8,128.77
10/4/2016,14307500,128.43,128.43,128.43,129.17,129.28,127.55,128.19
10/5/2016,12386800,128.44,128.44,128.44,128.25,128.8,127.83,128.47
10/6/2016,11682700,128.54,128.54,128.54,128.43,129.06,128.08,128.74
10/7/2016,12804400,128.69,128.69,128.69,129.04,129.25,128.33,128.99
10/10/2016,15138700,129.21,129.21,129.21,129.68,130.7,129.2,130.24
10/11/2016,17537900,129.1,129.1,129.1,130.23,130.64,128.23,128.88
10/12/2016,11073000,129.08,129.08,129.08,129.01,129.66,128.46,129.05
10/13/2016,17139300,128.66,128.66,128.66,128.21,128.25,126.75,127.82
10/14/2016,13345300,128.4,128.4,128.4,128.49,128.95,127.58,127.88
10/17/2016,11351700,128.11,128.11,128.11,128.2,128.47,127.32,127.54
10/18/2016,13504000,128.27,128.27,128.27,128.68,129.39,128.01,128.57
10/19/2016,16752300,128.88,128.88,128.88,128.74,130.47,128.6,130.11
10/20/2016,13167500,129.25,129.25,129.25,130.07,130.66,129.5,130
10/21/2016,19088800,130.19,130.19,130.19,129.78,132.13,129.7,132.07
10/24/2016,17470200,131.22,131.22,131.22,132.72,133.41,132.15,133.28
10/25/2016,13336800,131.58,131.58,131.58,133.5,133.5,132.22,132.29
10/26/2016,13084700,131.4,131.4,131.4,131.64,132.26,130.94,131.04
10/27/2016,16741400,130.83,130.83,130.83,131.74,131.8,129.27,129.69
10/28/2016,24545500,130.98,130.98,130.98,130.5,132.97,129.93,131.29
10/31/2016,15669000,130.99,130.99,130.99,132.01,132.12,130.88,130.99
11/1/2016,22077800,130.49,130.49,130.49,131.41,131.94,128.65,129.5
11/2/2016,39640900,129.38,129.38,129.38,130.23,130.23,126.28,127.17
11/3/2016,63766300,126.26,126.26,126.26,122,123.28,119.5,120
11/4/2016,30545500,124.42,124.42,124.42,119.59,121.93,119.25,120.75
11/7/2016,23008900,123.66,123.66,123.66,122.83,123.21,121.35,122.15
11/8/2016,19460800,123.85,123.85,123.85,122.03,124.61,121.54,124.22
11/9/2016,31916000,123.63,123.63,123.63,121.5,123.81,120.51,123.18
11/10/2016,67846700,122.68,122.68,122.68,123.93,124.18,115.27,120.8
11/11/2016,32840100,121.46,121.46,121.46,119.53,120.7,118.15,119.02
11/14/2016,51377000,119.34,119.34,119.34,119.13,119.13,113.55,115.08
11/15/2016,34681400,118.62,118.62,118.62,116.73,118.49,115.83,117.2
11/16/2016,32397900,117.86,117.86,117.86,114.48,117.88,114.21,116.34
11/17/2016,18597800,117.84,117.84,117.84,116.81,117.79,116.01,117.79
11/18/2016,22879300,117.57,117.57,117.57,118.39,119.13,116.84,117.02
11/21/2016,35415400,118.97,118.97,118.97,118.2,121.95,117.8,121.77
11/22/2016,26089200,119.8,119.8,119.8,122.4,122.98,120.9,121.47
11/23/2016,15672100,120.15,120.15,120.15,121.23,121.31,119.94,120.84
11/25/2016,8658600,120.23,120.23,120.23,121.01,121.14,120.07,120.38
11/28/2016,18101300,120.29,120.29,120.29,120.12,121.69,119.82,120.41
11/29/2016,18891000,120.48,120.48,120.48,120.57,122.1,120.4,120.87
11/30/2016,30188900,119.79,119.79,119.79,120.32,121.79,117.95,118.42
12/1/2016,43277000,118.23,118.23,118.23,118.38,118.45,114,115.1
12/2/2016,25070400,117.29,117.29,117.29,115.11,116.48,114.3,115.4
12/5/2016,20201500,117.33,117.33,117.33,115.95,117.57,115.07,117.43
12/6/2016,19131200,117.33,117.33,117.33,117.69,117.8,116.33,117.31
12/7/2016,21913700,117.53,117.53,117.53,117,117.95,116.57,117.95
12/8/2016,22442800,117.99,117.99,117.99,117.98,119.5,117.64,118.91
12/9/2016,17464700,118.56,118.56,118.56,119.22,119.94,118.95,119.68
12/12/2016,17805500,118.29,118.29,118.29,119.22,119.24,117.65,117.77
12/13/2016,29768000,118.97,118.97,118.97,117.86,121.52,117.61,120.31
12/14/2016,25913100,119.38,119.38,119.38,120,121.69,118.85,120.21
12/15/2016,20139600,119.78,119.78,119.78,120.08,122.5,119.63,120.57
12/16/2016,25324300,119.81,119.81,119.81,120.9,121.5,119.27,119.87
12/19/2016,15918100,119.62,119.62,119.62,119.85,120.36,118.51,119.24
12/20/2016,13684400,119.44,119.44,119.44,119.5,119.77,118.8,119.09
12/21/2016,10767600,119.31,119.31,119.31,118.92,119.2,118.48,119.04
12/22/2016,16258600,118.67,118.67,118.67,118.86,118.99,116.93,117.4
12/23/2016,10890000,118.2,118.2,118.2,117,117.56,116.3,117.27
12/27/2016,12051500,118.14,118.14,118.14,116.96,118.68,116.86,118.01
12/28/2016,12087400,117.73,117.73,117.73,118.19,118.25,116.65,116.92
12/29/2016,9934900,117.27,117.27,117.27,117,117.53,116.06,116.35
12/30/2016,18684100,116.53,116.53,116.53,116.6,116.83,114.77,115.05
1/3/2017,20663900,116.64,116.64,116.64,116.03,117.84,115.51,116.86
1/4/2017,19630900,117.32,117.32,117.32,117.55,119.66,117.29,118.69
1/5/2017,19492200,118.44,118.44,118.44,118.86,120.95,118.32,120.67
1/6/2017,28545300,120.1,120.1,120.1,120.98,123.88,120.03,123.41
1/9/2017,22880400,121.7,121.7,121.7,123.55,125.43,123.04,124.9
1/10/2017,17324600,122.58,122.58,122.58,124.82,125.5,124.28,124.35
1/11/2017,18356500,123.75,123.75,123.75,124.35,126.12,124.06,126.09
1/12/2017,18653900,124.71,124.71,124.71,125.61,126.73,124.8,126.62
1/13/2017,24884300,125.92,125.92,125.92,127.49,129.27,127.37,128.34
1/17/2017,15294500,126.57,126.57,126.57,128.04,128.34,127.4,127.87
1/18/2017,13145900,127.02,127.02,127.02,128.41,128.43,126.84,127.92
1/19/2017,12195500,127.2,127.2,127.2,128.23,128.35,127.45,127.55
1/20/2017,19097200,127.14,127.14,127.14,128.1,128.48,126.78,127.04
1/23/2017,16593600,127.74,127.74,127.74,127.31,129.25,126.95,128.93
1/24/2017,15162700,128.28,128.28,128.28,129.38,129.9,128.38,129.37
1/25/2017,18731300,129.35,129.35,129.35,130,131.74,129.77,131.48
1/26/2017,20020100,130.49,130.49,130.49,131.63,133.14,131.44,132.78
1/27/2017,19539500,131.05,131.05,131.05,132.68,132.95,131.08,132.18
1/30/2017,18956100,131.03,131.03,131.03,131.58,131.58,129.6,130.98
1/31/2017,19790500,130.79,130.79,130.79,130.17,130.66,129.52,130.32
2/1/2017,50139800,131.61,131.61,131.61,132.25,133.49,130.68,133.23
2/2/2017,54366400,131.35,131.35,131.35,133.22,135.49,130.4,130.84
2/3/2017,24804900,131.23,131.23,131.23,131.24,132.85,130.76,130.98
2/6/2017,17058500,131.5,131.5,131.5,130.98,132.06,130.3,132.06
2/7/2017,14596400,131.62,131.62,131.62,132.24,133,131.66,131.84
2/8/2017,22390600,132.48,132.48,132.48,132.6,134.44,132.44,134.2
2/9/2017,16470600,133.03,133.03,133.03,134.49,134.5,133.31,134.14
2/10/2017,15061900,133.42,133.42,133.42,134.1,134.94,133.68,134.19
2/13/2017,13526200,133.63,133.63,133.63,134.7,134.7,133.7,134.05
2/14/2017,14364900,133.7,133.7,133.7,134.1,134.23,132.55,133.85
2/15/2017,13226500,133.61,133.61,133.61,133.45,133.7,132.66,133.44
2/16/2017,12831100,133.69,133.69,133.69,133.07,133.87,133.02,133.84
2/17/2017,12276500,133.64,133.64,133.64,133.5,134.09,133.17,133.53
2/21/2017,14759100,133.66,133.66,133.66,133.5,133.91,132.9,133.72
2/22/2017,27360100,134.48,134.48,134.48,133.6,136.79,133.46,136.12
2/23/2017,18422500,134.78,134.78,134.78,135.89,136.12,134.33,135.36
2/24/2017,12625700,135,135,135,134.16,135.62,134.16,135.44
2/27/2017,14306700,135.47,135.47,135.47,135.26,137.18,135.02,136.41
2/28/2017,16112100,135.49,135.49,135.49,136.79,136.81,134.75,135.54
3/1/2017,16257000,136.13,136.13,136.13,136.47,137.48,136.3,137.42
3/2/2017,12294800,136.34,136.34,136.34,137.09,137.82,136.31,136.76
3/3/2017,11160600,136.62,136.62,136.62,136.63,137.33,136.08,137.17
3/6/2017,12748200,136.89,136.89,136.89,136.88,137.83,136.51,137.42
3/7/2017,13527100,137.02,137.02,137.02,137.03,138.37,136.99,137.3
3/8/2017,10184500,137.26,137.26,137.26,137.15,137.99,137.05,137.72
3/9/2017,15535300,137.58,137.58,137.58,137.72,138.57,137.4,138.24
3/10/2017,16314100,137.99,137.99,137.99,138.91,139.49,138.22,138.79
3/13/2017,10955500,138.52,138.52,138.52,138.71,139.68,138.67,139.6
3/14/2017,12944000,138.79,138.79,138.79,139.46,139.46,138.52,139.32
3/15/2017,19344800,139.1,139.1,139.1,139.29,140.1,138.49,139.72
3/16/2017,13612900,139.4,139.4,139.4,140.2,140.25,139.73,139.99
3/17/2017,20592800,139.54,139.54,139.54,140.34,140.34,139.7,139.84
3/20/2017,12099500,139.68,139.68,139.68,139.71,140.19,139.25,139.94
3/21/2017,29894800,139.29,139.29,139.29,141.15,142.31,138.4,138.51
3/22/2017,17055400,139.39,139.39,139.39,137.93,139.79,137.6,139.59
3/23/2017,13022800,139.44,139.44,139.44,139.48,140.39,139.09,139.53
3/24/2017,16664700,139.74,139.74,139.74,140.08,141.02,139.76,140.34
3/27/2017,12800500,139.93,139.93,139.93,139.05,140.65,138.77,140.32
3/28/2017,14679400,140.54,140.54,140.54,140.36,141.95,140.01,141.76
3/29/2017,16527600,141.24,141.24,141.24,141.99,142.86,141.43,142.65
3/30/2017,12404000,141.63,141.63,141.63,142.4,142.95,141.85,142.41
3/31/2017,11478300,141.77,141.77,141.77,142.31,142.63,141.89,142.05
4/3/2017,13564000,141.94,141.94,141.94,141.93,142.47,140.82,142.28
4/4/2017,12948600,141.87,141.87,141.87,141.86,142.09,141.27,141.73
4/5/2017,17158100,141.86,141.86,141.86,142.26,143.44,141.29,141.85
4/6/2017,15103400,141.63,141.63,141.63,142.11,142.22,140.91,141.17
4/7/2017,11818300,141.35,141.35,141.35,141.2,141.55,140.24,140.78
4/10/2017,9039400,141.25,141.25,141.25,141,141.43,140.63,141.04
4/11/2017,16638100,140.8,140.8,140.8,140.8,141.03,138.81,139.92
4/12/2017,11612500,140.4,140.4,140.4,139.72,140.4,139.44,139.58
4/13/2017,10965600,140.06,140.06,140.06,139.62,140.58,139.33,139.39
4/17/2017,11519700,140.51,140.51,140.51,139.76,141.55,139.75,141.42
4/18/2017,14807500,140.66,140.66,140.66,141.27,141.91,140.61,140.96
4/19/2017,15563900,141.2,141.2,141.2,141.35,143.04,141.27,142.27
4/20/2017,15968200,142.07,142.07,142.07,142.95,144.25,142.69,143.8
4/21/2017,12382000,142.6,142.6,142.6,143.9,144.17,142.27,143.68
4/24/2017,14407200,143.56,143.56,143.56,144.96,145.67,144.34,145.47
4/25/2017,17767500,144.54,144.54,144.54,145.79,147.15,145.79,146.49
4/26/2017,12395000,145.21,145.21,145.21,147.09,147.59,146.09,146.56
4/27/2017,11275100,146.04,146.04,146.04,146.67,147.75,146.14,147.7
4/28/2017,30652200,147.44,147.44,147.44,149.5,151.53,149.07,150.25
5/1/2017,25218300,149.12,149.12,149.12,151.74,152.57,151.42,152.46
5/2/2017,21870400,150.34,150.34,150.34,153.34,153.44,151.66,152.78
5/3/2017,29782500,150.82,150.82,150.82,153.6,153.6,151.34,151.8
5/4/2017,36225500,150.83,150.83,150.83,150.17,151.52,148.72,150.85
5/5/2017,17148500,150.64,150.64,150.64,151.45,151.63,149.79,150.24
5/8/2017,15827500,150.78,150.78,150.78,150.71,151.08,149.74,151.06
5/9/2017,17453900,150.68,150.68,150.68,151.49,152.59,150.21,150.48
5/10/2017,12080700,150.55,150.55,150.55,150.23,150.52,148.86,150.29
5/11/2017,11841900,150.38,150.38,150.38,150.31,150.65,149.41,150.04
5/12/2017,9598200,150.36,150.36,150.36,150.4,150.46,149.63,150.33
5/15/2017,15064700,150.31,150.31,150.31,150.17,151.48,149.77,150.19
5/16/2017,14550800,150.13,150.13,150.13,150.11,150.21,149.03,149.78
5/17/2017,28300100,148.37,148.37,148.37,148,148.67,144.42,144.85
5/18/2017,23031600,148.13,148.13,148.13,144.72,148.15,144.51,147.66
5/19/2017,16187900,148.11,148.11,148.11,148.45,149.39,147.96,148.06
5/22/2017,12586700,148.15,148.15,148.15,148.08,148.59,147.69,148.24
5/23/2017,12817800,148.13,148.13,148.13,148.52,148.81,147.25,148.07
5/24/2017,17862400,148.76,148.76,148.76,148.51,150.23,148.42,150.04
5/25/2017,19891400,149.83,149.83,149.83,150.3,152.59,149.95,151.96
5/26/2017,14996200,150.6,150.6,150.6,152.23,152.25,151.15,152.13
5/30/2017,13226000,151.19,151.19,151.19,151.97,152.9,151.64,152.38
5/31/2017,18023900,151.28,151.28,151.28,152.7,153.35,151.09,151.46
6/1/2017,14530600,151.36,151.36,151.36,151.75,152.29,150.3,151.53
6/2/2017,16854400,152.11,152.11,152.11,151.85,153.63,151.3,153.61
6/5/2017,12520400,152.62,152.62,152.62,153.64,154.71,153.41,153.63
6/6/2017,13457100,152.68,152.68,152.68,153.41,154.52,152.48,152.81
6/7/2017,12066700,152.83,152.83,152.83,153.27,153.75,152.34,153.12
6/8/2017,17799400,153.46,153.46,153.46,154.08,154.73,153.1,154.71
6/9/2017,35577700,152.17,152.17,152.17,154.77,155.59,146.61,149.6
6/12/2017,33170200,150.93,150.93,150.93,148.17,149.2,144.56,148.44
6/13/2017,20483400,150.84,150.84,150.84,150.15,151.18,148.9,150.68
6/14/2017,20808800,150.65,150.65,150.65,151.26,152.4,149.05,150.25
6/15/2017,18994200,150.36,150.36,150.36,147.67,150.04,146.37,149.8
6/16/2017,22882400,150.46,150.46,150.46,149.59,150.83,148.6,150.64
6/19/2017,19026500,151.26,151.26,151.26,151.71,153.57,151.71,152.87
6/20/2017,14743900,151.59,151.59,151.59,152.88,153.84,152.21,152.25
6/21/2017,15039800,152.36,152.36,152.36,152.36,154.08,151.88,153.91
6/22/2017,13005500,152.71,152.71,152.71,153.01,154.55,152.91,153.4
6/23/2017,18027000,153.5,153.5,153.5,152.72,155.2,152.65,155.07
6/26/2017,18049700,153.53,153.53,153.53,156.25,156.5,153.2,153.59
6/27/2017,19360800,152.54,152.54,152.54,152.84,153.31,150.39,150.58
6/28/2017,16719100,152.78,152.78,152.78,150.92,153.47,149.86,153.24
6/29/2017,23973500,152.2,152.2,152.2,152.28,152.5,148.92,151.04
6/30/2017,17666000,151.79,151.79,151.79,151.9,151.92,150.06,150.98
7/3/2017,13862700,150.67,150.67,150.67,151.72,152.15,147.8,148.43
7/5/2017,14334300,150.56,150.56,150.56,149,150.85,148.13,150.34
7/6/2017,14951800,149.98,149.98,149.98,149.03,150.04,148,148.82
7/7/2017,13615900,150.47,150.47,150.47,149.25,151.99,149.19,151.44
7/10/2017,13378700,151.48,151.48,151.48,151.69,153.98,151.51,153.5
7/11/2017,13667700,152.74,152.74,152.74,153.37,155.42,152.91,155.27
7/12/2017,22739400,154.79,154.79,154.79,156.49,159.16,156.2,158.9
7/13/2017,13929200,156.28,156.28,156.28,158.74,159.78,158.42,159.26
7/14/2017,16371200,157.51,157.51,157.51,160.13,160.32,159.33,159.97
7/17/2017,12858800,158.25,158.25,158.25,160.25,160.78,158.81,159.73
7/18/2017,23722900,159.79,159.79,159.79,159.66,163.73,159.42,162.86
7/19/2017,26273600,161.24,161.24,161.24,163.59,165.7,163.17,164.14
7/20/2017,18523100,162.34,162.34,162.34,164.8,165,162.81,164.53
7/21/2017,14744000,163.03,163.03,163.03,164.16,165.05,163.75,164.43
7/24/2017,17367000,164.02,164.02,164.02,164.64,166.17,164.31,166
7/25/2017,15383200,164.44,164.44,164.44,165.01,165.54,163.86,165.28
7/26/2017,35236900,164.83,164.83,164.83,166.01,166.01,164.1,165.61
7/27/2017,68910700,166.7,166.7,166.7,174.7,175.49,167.5,170.44
7/28/2017,24557600,168.62,168.62,168.62,169.07,173.43,169.05,172.45
7/31/2017,25478900,168.83,168.83,168.83,172,172.72,168.55,169.25
8/1/2017,14385000,169.17,169.17,169.17,169.82,170.47,169.05,169.86
8/2/2017,17433800,169.21,169.21,169.21,170.3,170.55,166.91,169.3
8/3/2017,10793800,169.01,169.01,169.01,169.3,169.7,168.25,168.59
8/4/2017,10777700,169.21,169.21,169.21,168.97,170.06,168.69,169.62
8/7/2017,12787800,170.13,170.13,170.13,169.95,172.06,169.66,171.98
8/8/2017,14393500,170.5,170.5,170.5,171.88,173.05,170.62,171.23
8/9/2017,10815000,170.73,170.73,170.73,169.98,171.45,169.56,171.18
8/10/2017,20832700,169.62,169.62,169.62,170.06,170.59,166.85,167.4
8/11/2017,13791200,169.1,169.1,169.1,167.95,168.82,166.85,168.08
8/14/2017,12954200,169.65,169.65,169.65,170.09,171.08,169.29,170.75
8/15/2017,8729200,170.1,170.1,170.1,171.49,171.5,170.01,171
8/16/2017,15779900,170.07,170.07,170.07,171.25,171.38,169.24,170
8/17/2017,17216000,169.02,169.02,169.02,169.34,169.86,166.85,166.91
8/18/2017,15093600,168.48,168.48,168.48,166.84,168.67,166.21,167.41
8/21/2017,11907500,168.25,168.25,168.25,167.16,168,165.82,167.78
8/22/2017,11391000,168.71,168.71,168.71,168.28,169.87,167.15,169.64
8/23/2017,9856500,168.71,168.71,168.71,168.84,169.36,168.2,168.71
8/24/2017,14030400,168.39,168.39,168.39,168.88,169.29,166.41,167.74
8/25/2017,12614500,167.7,167.7,167.7,167.86,168.38,166.18,166.32
8/28/2017,8553700,167.55,167.55,167.55,166.91,167.7,166.33,167.24
8/29/2017,11121000,167.71,167.71,167.71,165.25,168.43,165,168.05
8/30/2017,11138300,168.45,168.45,168.45,168.17,170.18,167.63,169.92
8/31/2017,17226500,169.62,169.62,169.62,170.4,172.15,170.06,171.97
9/1/2017,11677600,170.42,170.42,170.42,172.4,172.92,171.31,172.02
9/5/2017,13210900,170.52,170.52,170.52,171.27,172.39,169.55,170.72
9/6/2017,13906300,171.04,171.04,171.04,170.91,172.48,169.57,172.09
9/7/2017,18049500,171.77,171.77,171.77,171.94,173.31,170.27,173.21
9/8/2017,10998500,171.49,171.49,171.49,173.09,173.49,170.8,170.95
9/11/2017,12372000,172.17,172.17,172.17,172.4,173.89,172.2,173.51
9/12/2017,11186300,172.43,172.43,172.43,173.76,174,171.75,172.96
9/13/2017,9119300,172.64,172.64,172.64,173.01,173.17,172.06,173.05
9/14/2017,15615700,172.08,172.08,172.08,172.26,172.28,170.5,170.96
9/15/2017,15660500,171.93,171.93,171.93,170.88,172.34,170.26,171.64
9/18/2017,12954000,171.29,171.29,171.29,171.99,172.07,169.34,170.01
9/19/2017,13168600,171.7,171.7,171.7,170.62,172.56,170.36,172.52
9/20/2017,12264100,171.86,171.86,171.86,172.5,173.05,170.7,172.17
9/21/2017,11161400,171.61,171.61,171.61,171.69,172.27,170.01,171.11
9/22/2017,12097100,171.25,171.25,171.25,170.21,171.73,169.22,170.54
9/25/2017,41251600,168.46,168.46,168.46,169.24,169.3,161.56,162.87
9/26/2017,23363300,167.04,167.04,167.04,164.5,165.5,162.78,164.21
9/27/2017,19242500,167.25,167.25,167.25,165.9,168.34,165.57,167.68
9/28/2017,12178700,167.75,167.75,167.75,167.94,169.07,167.16,168.73
9/29/2017,15340400,168.79,168.79,168.79,168.83,171.66,168.81,170.87
10/2/2017,13392300,169.02,169.02,169.02,171.39,171.87,168.75,169.47
10/3/2017,8190300,169.33,169.33,169.33,169.3,170.73,169.2,169.96
10/4/2017,12127900,169.03,169.03,169.03,169.83,170.67,168.29,168.42
10/5/2017,14580600,169.76,169.76,169.76,169.18,171.31,168.6,171.24
10/6/2017,13124500,170.59,170.59,170.59,170.25,172.37,169.75,172.23
10/9/2017,14570400,171.22,171.22,171.22,172.7,174.88,172,172.5
10/10/2017,11341100,171.35,171.35,171.35,173,173.2,170.8,171.59
10/11/2017,11283700,171.81,171.81,171.81,171.95,172.78,171.4,172.74
10/12/2017,10351000,172.06,172.06,172.06,172.61,173.85,172.29,172.55
10/13/2017,13658300,172.62,172.62,172.62,173.45,174.65,173.2,173.74
10/16/2017,11498800,173.25,173.25,173.25,174.49,175,174.06,174.52
10/17/2017,15990100,174.2,174.2,174.2,174.71,176.13,174.36,176.11
10/18/2017,12752400,174.81,174.81,174.81,176.65,176.74,175.75,176.03
10/19/2017,14048400,174.73,174.73,174.73,174.93,176.03,172.63,174.56
10/20/2017,12602200,174.81,174.81,174.81,175.5,175.88,174.63,174.98
10/23/2017,13852700,173.63,173.63,173.63,175.2,175.34,171.25,171.27
10/24/2017,12267900,173.02,173.02,173.02,172.3,173.24,171.5,171.8
10/25/2017,15868200,172.21,172.21,172.21,171.9,172.25,168.89,170.6
10/26/2017,11833100,171.69,171.69,171.69,171.38,172.29,170.39,170.63
10/27/2017,30285300,173.75,173.75,173.75,174.15,178.21,173.9,177.88
10/30/2017,24353200,175.79,175.79,175.79,179.26,180.69,177.61,179.87
10/31/2017,20174200,177.21,177.21,177.21,180.57,180.8,178.94,180.06
11/1/2017,40918300,179.03,179.03,179.03,182.36,182.9,180.57,182.66
11/2/2017,35529900,178.99,178.99,178.99,180.63,181.94,177.34,178.92
11/3/2017,17822100,178.97,178.97,178.97,179.29,179.86,176.71,178.92
11/6/2017,13312700,179.37,179.37,179.37,178.56,180.45,178.31,180.17
11/7/2017,12928200,179.66,179.66,179.66,180.5,180.75,178.96,180.25
11/8/2017,10494100,179.63,179.63,179.63,179.79,180.35,179.11,179.56
11/9/2017,12610300,179.52,179.52,179.52,178.31,179.4,177.09,179.3
11/10/2017,11070200,179.17,179.17,179.17,178.35,179.1,177.96,178.46
11/13/2017,9523400,179.03,179.03,179.03,177.5,179.04,177.3,178.77
11/14/2017,9585900,178.71,178.71,178.71,178.13,178.97,177.18,178.07
11/15/2017,10253700,178.46,178.46,178.46,176.66,178.57,176.4,177.95
11/16/2017,15607600,178.84,178.84,178.84,178.76,179.83,178.5,179.59
11/17/2017,13018000,178.89,178.89,178.89,179.3,179.98,178.9,179
11/20/2017,10052400,178.84,178.84,178.84,178.87,179.5,178.1,178.74
11/21/2017,14504000,179.85,179.85,179.85,179.15,181.89,178.99,181.86
11/22/2017,10376300,180.19,180.19,180.19,181.3,181.73,180.44,180.87
11/24/2017,9426300,181.05,181.05,181.05,180.4,183.15,180.29,182.78
11/27/2017,12344500,181.71,181.71,181.71,182.56,183.73,181.99,183.03
11/28/2017,14379700,181.95,181.95,181.95,183.51,184.25,182.09,182.42
11/29/2017,41933500,179.68,179.68,179.68,181.89,181.97,174,175.13
11/30/2017,25307600,178.84,178.84,178.84,176.85,178.28,175.2,177.18
12/1/2017,20182500,177.6,177.6,177.6,176.03,177.48,172.34,175.1
12/4/2017,24459400,175.55,175.55,175.55,176.29,176.57,170.79,171.47
12/5/2017,20184900,174.65,174.65,174.65,170.45,175.38,169.01,172.83
12/6/2017,20255800,175.12,175.12,175.12,172.5,176.77,171.9,176.06
12/7/2017,20404500,176.79,176.79,176.79,175.8,180.39,175.8,180.14
12/8/2017,19883800,177.53,177.53,177.53,181.53,182.28,178.74,179
12/11/2017,13168600,178.03,178.03,178.03,179.3,180.22,178.8,179.04
12/12/2017,16854100,177.67,177.67,177.67,178.6,179.18,176.6,176.96
12/13/2017,14615700,177.88,177.88,177.88,177.3,179.16,177.25,178.3
12/14/2017,13591000,178.05,178.05,178.05,178.29,180.36,177.68,178.39
12/15/2017,28463100,178.76,178.76,178.76,179.02,180.49,178.36,180.18
12/18/2017,17265400,179.45,179.45,179.45,181.01,181.3,179.75,180.82
12/19/2017,14920600,179.47,179.47,179.47,179.95,180.08,178.22,179.51
12/20/2017,11860500,178.94,178.94,178.94,179.81,179.81,177.36,177.89
12/21/2017,11600700,178.44,178.44,178.44,177.94,178.68,177.05,177.45
12/22/2017,8509500,178.03,178.03,178.03,177.14,177.53,176.23,177.2
12/26/2017,8897300,177.35,177.35,177.35,176.63,177,174.67,175.99
12/27/2017,9496100,177.44,177.44,177.44,176.55,178.44,176.26,177.62
12/28/2017,12220800,177.6,177.6,177.6,177.95,178.94,177.68,177.92
12/29/2017,10261500,177.22,177.22,177.22,178,178.85,176.46,176.46
1/2/2018,18151900,178.62,178.62,178.62,177.68,181.58,177.55,181.42
1/3/2018,16886600,180.64,180.64,180.64,181.88,184.78,181.33,184.67
1/4/2018,13880900,181.87,181.87,181.87,184.9,186.21,184.1,184.33
1/5/2018,13574500,183.53,183.53,183.53,185.59,186.9,184.93,186.85
1/8/2018,17994700,185.11,185.11,185.11,187.2,188.9,186.33,188.28
1/9/2018,12393100,186.03,186.03,186.03,188.7,188.8,187.1,187.87
1/10/2018,10529900,186.63,186.63,186.63,186.94,187.89,185.63,187.84
1/11/2018,9588600,187.01,187.01,187.01,188.4,188.4,187.38,187.77
1/12/2018,77551300,184.47,184.47,184.47,178.06,181.48,177.4,179.37
1/16/2018,36183800,182.44,182.44,182.44,181.5,181.75,178.04,178.39
1/17/2018,27992400,180.83,180.83,180.83,179.26,179.32,175.8,177.6
1/18/2018,23304900,180.48,180.48,180.48,178.13,180.98,177.08,179.8
1/19/2018,26826500,180.75,180.75,180.75,180.85,182.37,180.17,181.29
1/22/2018,21059500,182.29,182.29,182.29,180.8,185.39,180.41,185.37
1/23/2018,25678800,184.64,184.64,184.64,186.05,189.55,185.55,189.35
1/24/2018,24334500,185.28,185.28,185.28,189.89,190.66,186.52,186.55
1/25/2018,17377700,186.01,186.01,186.01,187.95,188.62,186.6,187.48
1/26/2018,17759200,187.34,187.34,187.34,187.75,190,186.81,190
1/29/2018,20453200,186.89,186.89,186.89,188.75,188.84,185.63,185.98
1/30/2018,20858600,186.97,186.97,186.97,187.62,188.18,181.84,187.12
1/31/2018,43275100,186.94,186.94,186.94,188.37,189.83,185.22,186.89
2/1/2018,54211300,188.99,188.99,188.99,188.22,195.32,187.89,193.09
2/2/2018,26677500,189.42,189.42,189.42,192.04,194.21,189.98,190.28
2/5/2018,33128200,186.7,186.7,186.7,186.93,190.61,180.61,181.26
2/6/2018,37758500,186.24,186.24,186.24,178.57,185.77,177.74,185.31
2/7/2018,27601900,184.22,184.22,184.22,184.15,185.08,179.95,180.18
2/8/2018,38478300,180.01,180.01,180.01,181.01,181.84,171.48,171.58
2/9/2018,39887600,178.71,178.71,178.71,174.76,176.9,167.18,176.11
2/12/2018,32092100,177.94,177.94,177.94,177.06,177.55,171.84,176.41
2/13/2018,21809400,176.34,176.34,176.34,175.62,175.97,173.1,173.15
2/14/2018,28929700,177.4,177.4,177.4,173.45,179.81,173.21,179.52
2/15/2018,20922100,178.26,178.26,178.26,180.5,180.5,176.84,179.96
2/16/2018,20645300,177.96,177.96,177.96,178.99,179.88,176.3,177.36
2/20/2018,21204900,177.31,177.31,177.31,175.77,177.95,175.11,176.01
2/21/2018,23200800,177.51,177.51,177.51,176.71,181.27,176.4,177.91
2/22/2018,18464200,178,178,178,178.7,180.21,177.41,178.99
2/23/2018,19007300,179.76,179.76,179.76,179.9,183.39,179.51,183.29
2/26/2018,17599700,181.49,181.49,181.49,184.58,185.66,183.22,184.93
2/27/2018,15849800,181.48,181.48,181.48,184.45,184.7,181.46,181.46
2/28/2018,18783000,180.43,180.43,180.43,182.3,182.88,178.14,178.32
3/1/2018,23201600,178.93,178.93,178.93,179.01,180.12,174.41,175.94
3/2/2018,20025900,178.16,178.16,178.16,173.29,177.11,172.99,176.62
3/5/2018,16189300,178.91,178.91,178.91,176.2,181.15,175.89,180.4
3/6/2018,15086800,179.2,179.2,179.2,181.78,182.38,179.11,179.78
3/7/2018,19097300,180.7,180.7,180.7,178.74,183.82,178.07,183.71
3/8/2018,17225900,181.25,181.25,181.25,183.56,184.4,181.45,182.34
3/9/2018,18526300,182.58,182.58,182.58,183.91,185.51,183.21,185.23
3/12/2018,15301200,183.3,183.3,183.3,185.23,186.1,184.22,184.76
3/13/2018,18067500,182.83,182.83,182.83,185.61,185.99,181.11,181.88
3/14/2018,16821700,183.28,183.28,183.28,182.6,184.25,181.85,184.19
3/15/2018,15614300,183.48,183.48,183.48,183.24,184,182.19,183.86
3/16/2018,24403400,184.01,184.01,184.01,184.49,185.33,183.41,185.09
3/19/2018,88140100,180.2,180.2,180.2,177.01,177.17,170.06,172.56
3/20/2018,129851800,176.18,176.18,176.18,167.47,170.2,161.95,168.15
3/21/2018,106598800,173.92,173.92,173.92,164.8,173.4,163.3,169.39
3/22/2018,73743000,170.91,170.91,170.91,166.13,170.27,163.72,164.89
3/23/2018,53609700,167.07,167.07,167.07,165.44,166.6,159.02,159.39
3/26/2018,126116600,164.73,164.73,164.73,160.82,161.1,149.02,160.06
3/27/2018,79117000,160.56,160.56,160.56,156.31,162.85,150.75,152.22
3/28/2018,60029200,158.05,158.05,158.05,151.65,155.88,150.8,153.03
3/29/2018,59434300,158.63,158.63,158.63,155.15,161.42,154.14,159.79
4/2/2018,36796000,157.55,157.55,157.55,157.81,159.2,154.11,155.39
4/3/2018,42543900,157.07,157.07,157.07,156.55,157.39,150.81,156.11
4/4/2018,49885600,156.41,156.41,156.41,152.03,155.56,150.51,155.1
4/5/2018,41449600,157.39,157.39,157.39,161.56,161.57,156.65,159.34
4/6/2018,41644800,157.33,157.33,157.33,157.73,161.42,156.81,157.2
4/9/2018,34915200,157.53,157.53,157.53,157.82,160.53,156.04,157.93
4/10/2018,57889300,160.03,160.03,160.03,157.93,165.98,157.01,165.04
4/11/2018,56144600,162.13,162.13,162.13,165.36,168.65,163.25,166.32
4/12/2018,38263000,162.71,162.71,162.71,166.98,167.45,163.1,163.87
4/13/2018,19990600,163.31,163.31,163.31,164.58,165.7,163.77,164.52
4/16/2018,18119400,163.82,163.82,163.82,165.72,165.78,163.39,164.83
4/17/2018,22743000,165.43,165.43,165.43,165.83,169,165.66,168.66
4/18/2018,20969600,165.74,165.74,165.74,166.88,168.12,165.77,166.36
4/19/2018,22235000,166.53,166.53,166.53,166.2,168.33,165.2,168.1
4/20/2018,19119400,166.45,166.45,166.45,167.79,168.43,165.81,166.28
4/23/2018,23088100,166.24,166.24,166.24,167.27,168.45,165.09,165.84
4/24/2018,35079900,164.06,164.06,164.06,165.43,166.1,158.19,159.69
4/25/2018,41083600,162.6,162.6,162.6,160.14,161.06,156.19,159.69
4/26/2018,77556900,166.46,166.46,166.46,173.22,176.27,170.8,174.16
4/27/2018,29804700,168.83,168.83,168.83,176.81,177.1,172.6,173.59
4/30/2018,20750500,169.89,169.89,169.89,173.79,175.72,171.71,172
5/1/2018,26025900,171.21,171.21,171.21,172,174.02,170.23,173.86
5/2/2018,30424500,172.83,172.83,172.83,174.25,178.08,174.2,176.07
5/3/2018,24026100,173.23,173.23,173.23,175.13,176.12,172.12,174.02
5/4/2018,17677800,174.36,174.36,174.36,173.08,176.98,173.06,176.61
5/7/2018,18697200,175.56,175.56,175.56,177.35,179.5,177.17,177.97
5/8/2018,15577200,176.68,176.68,176.68,178.25,179.04,177.11,178.92
5/9/2018,23282800,178.67,178.67,178.67,179.67,183.01,178.78,182.66
5/10/2018,21071400,180.96,180.96,180.96,183.15,186.13,182.5,185.53
5/11/2018,21207800,182.97,182.97,182.97,184.85,188.32,184.18,186.99
5/14/2018,15646700,184.19,184.19,184.19,187.71,187.86,186.2,186.64
5/15/2018,15429400,184.24,184.24,184.24,184.88,185.29,183.2,184.32
5/16/2018,16975500,183.89,183.89,183.89,183.7,184.32,182.66,183.2
5/17/2018,14840700,183.85,183.85,183.85,182.68,184.06,182.22,183.76
5/18/2018,13130500,183.46,183.46,183.46,183.49,184.19,182.61,182.68
5/21/2018,13532900,183.8,183.8,183.8,183.77,185.3,183.13,184.49
5/22/2018,12731400,183.8,183.8,183.8,184.93,185.42,183.43,183.8
5/23/2018,16628100,184.83,184.83,184.83,182.5,186.91,182.18,186.9
5/24/2018,12354700,185.2,185.2,185.2,185.88,186.8,185.03,185.93
5/25/2018,10965100,185.11,185.11,185.11,186.02,186.33,184.45,184.92
5/29/2018,16398900,185.32,185.32,185.32,184.34,186.81,183.71,185.74
5/30/2018,13736900,186.1,186.1,186.1,186.54,188,185.25,187.67
5/31/2018,30782600,187.99,187.99,187.99,187.87,192.72,187.48,191.78
6/1/2018,17307200,189.99,189.99,189.99,193.07,194.55,192.07,193.99
6/4/2018,18939800,191.09,191.09,191.09,191.84,193.98,191.47,193.28
6/5/2018,15544300,191.71,191.71,191.71,194.3,195,192.62,192.94
6/6/2018,22558900,191.58,191.58,191.58,191.03,192.53,189.11,191.34
6/7/2018,21503200,190.45,190.45,190.45,190.75,190.97,186.77,188.18
6/8/2018,12677100,190,190,190,187.53,189.48,186.43,189.1
6/11/2018,12928900,190.51,190.51,190.51,188.81,192.6,188.8,191.54
6/12/2018,11562700,191.14,191.14,191.14,192.17,193.28,191.56,192.4
6/13/2018,15853800,191.56,191.56,191.56,192.74,194.5,191.91,192.41
6/14/2018,19120900,193.31,193.31,193.31,193.1,197.28,192.91,196.81
6/15/2018,21860900,194.16,194.16,194.16,195.79,197.07,194.64,195.85
6/18/2018,16826000,195.54,195.54,195.54,194.8,199.58,194.13,198.31
6/19/2018,19994000,196.19,196.19,196.19,196.24,197.96,193.79,197.49
6/20/2018,28230900,198.13,198.13,198.13,199.1,203.55,198.81,202
6/21/2018,19045700,199.25,199.25,199.25,202.76,203.39,200.09,201.5
6/22/2018,17420200,200.08,200.08,200.08,201.16,202.24,199.31,201.74
6/25/2018,25275100,198.84,198.84,198.84,200,200,193.11,196.35
6/26/2018,17897600,198.89,198.89,198.89,197.6,199.1,196.23,199
6/27/2018,18734400,197.87,197.87,197.87,199.18,200.75,195.8,195.84
6/28/2018,18172400,197.33,197.33,197.33,195.18,197.34,193.26,196.23
6/29/2018,15811600,196.32,196.32,196.32,197.32,197.6,193.96,194.32
7/2/2018,13961600,196.67,196.67,196.67,193.37,197.45,192.22,197.36
7/3/2018,13489500,195.36,195.36,195.36,194.55,195.4,192.52,192.73
7/5/2018,19684200,196.39,196.39,196.39,194.74,198.65,194.03,198.45
7/6/2018,19740100,198.67,198.67,198.67,198.45,203.64,197.7,203.23
7/9/2018,18149400,200.69,200.69,200.69,204.93,205.8,202.12,204.74
7/10/2018,13190100,201.64,201.64,201.64,204.5,204.91,202.26,203.54
7/11/2018,12927400,201.94,201.94,201.94,202.22,204.5,201.75,202.54
7/12/2018,15454700,203.6,203.6,203.6,203.43,207.08,203.19,206.92
7/13/2018,11486800,204.84,204.84,204.84,207.81,208.43,206.45,207.32
7/16/2018,11078200,205.64,205.64,205.64,207.5,208.72,206.84,207.23
7/17/2018,15349900,207.09,207.09,207.09,204.9,210.46,204.84,209.99
7/18/2018,15334900,207.85,207.85,207.85,209.82,210.99,208.44,209.36
7/19/2018,11350400,207.93,207.93,207.93,208.77,209.99,207.76,208.09
7/20/2018,16163900,208.6,208.6,208.6,208.85,211.5,208.5,209.94
7/23/2018,16732000,209.37,209.37,209.37,210.58,211.62,208.8,210.91
7/24/2018,28468700,211.14,211.14,211.14,215.11,216.2,212.6,214.67
7/25/2018,58954200,213.26,213.26,213.26,215.72,218.62,214.27,217.5
7/26/2018,169803700,200.92,200.92,200.92,174.89,180.13,173.75,176.26
7/27/2018,60073700,192.25,192.25,192.25,179.87,179.93,173,174.89
7/30/2018,65280800,185.18,185.18,185.18,175.3,175.3,166.56,171.06
7/31/2018,40356500,180.98,180.98,180.98,170.67,174.24,170,172.58
8/1/2018,34042100,177.87,177.87,177.87,173.93,175.08,170.9,171.65
8/2/2018,32400000,177.37,177.37,177.37,170.68,176.79,170.27,176.37
8/3/2018,24763400,177.51,177.51,177.51,177.69,178.85,176.15,177.78
8/6/2018,49716200,180.24,180.24,180.24,178.97,185.79,178.38,185.69
8/7/2018,33398600,181.43,181.43,181.43,186.5,188.3,183.72,183.81
8/8/2018,22205200,182.68,182.68,182.68,184.75,186.85,183.76,185.18
8/9/2018,19732100,182.82,182.82,182.82,185.85,186.57,182.48,183.09
8/10/2018,21500400,181.96,181.96,181.96,182.04,182.1,179.42,180.26
8/13/2018,17423300,181.33,181.33,181.33,180.1,182.61,178.9,180.05
8/14/2018,19102000,181.25,181.25,181.25,180.71,181.99,178.62,181.11
8/15/2018,33020200,180.68,180.68,180.68,179.34,180.87,174.78,179.53
8/16/2018,31351800,178.69,178.69,178.69,180.42,180.5,174.01,174.7
8/17/2018,24893200,177.06,177.06,177.06,174.5,176.22,172.04,173.8
8/20/2018,21518000,175.54,175.54,175.54,174.04,174.57,170.91,172.5
8/21/2018,19578500,174.57,174.57,174.57,172.81,174.17,171.39,172.62
8/22/2018,16894100,174.26,174.26,174.26,172.21,174.24,172.13,173.64
8/23/2018,18053600,173.8,173.8,173.8,173.09,175.55,172.83,172.9
8/24/2018,14631600,174.09,174.09,174.09,173.7,174.82,172.92,174.65
8/27/2018,17921900,175.21,175.21,175.21,175.99,178.67,175.79,177.46
8/28/2018,15910700,175.56,175.56,175.56,178.1,178.24,175.83,176.26
8/29/2018,18494100,175.67,175.67,175.67,176.3,176.79,174.75,175.9
8/30/2018,24216500,176.33,176.33,176.33,175.9,179.79,175.7,177.64
8/31/2018,18065200,176.13,176.13,176.13,177.15,177.62,174.98,175.73
9/4/2018,29809000,174.47,174.47,174.47,173.5,173.89,168.8,171.16
9/5/2018,31226700,172.04,172.04,172.04,169.49,171.13,166.67,167.18
9/6/2018,41514800,168.87,168.87,168.87,166.98,166.98,160,162.53
9/7/2018,24300600,166.93,166.93,166.93,160.31,164.63,160.16,163.04
9/10/2018,20197700,166.01,166.01,166.01,163.51,165.01,162.16,164.18
9/11/2018,20457100,165.99,165.99,165.99,163.94,167.19,163.72,165.94
9/12/2018,24078100,164.66,164.66,164.66,163.25,164.49,161.8,162
9/13/2018,25453800,163.56,163.56,163.56,162,163.32,160.86,161.36
9/14/2018,21770400,163.15,163.15,163.15,161.72,162.84,160.34,162.32
9/17/2018,21005300,162.29,162.29,162.29,161.92,162.06,159.77,160.58
9/18/2018,22465200,161.63,161.63,161.63,159.39,161.76,158.87,160.3
9/19/2018,19629000,162.1,162.1,162.1,160.08,163.44,159.48,163.06
9/20/2018,18936000,163.41,163.41,163.41,164.5,166.45,164.47,166.02
9/21/2018,45994800,163.25,163.25,163.25,166.64,167.25,162.81,162.93
9/24/2018,19222800,163.97,163.97,163.97,161.03,165.7,160.88,165.41
9/25/2018,27622800,164.28,164.28,164.28,161.99,165.59,161.15,164.91
9/26/2018,25252200,165.17,165.17,165.17,164.3,169.3,164.21,166.95
9/27/2018,27266900,166.39,166.39,166.39,167.55,171.77,167.21,168.84
9/28/2018,34265600,165.75,165.75,165.75,168.33,168.79,162.56,164.46
10/1/2018,26407700,164.65,164.65,164.65,163.03,165.88,161.26,162.44
10/2/2018,36031000,162.87,162.87,162.87,161.58,162.28,158.67,159.33
10/3/2018,23109500,162.73,162.73,162.73,160,163.66,159.53,162.43
10/4/2018,25739600,161.43,161.43,161.43,161.46,161.46,157.35,158.85
10/5/2018,25744000,160.07,160.07,160.07,159.21,160.9,156.2,157.33
10/8/2018,24046000,159.13,159.13,159.13,155.54,158.34,154.39,157.25
10/9/2018,18844400,158.72,158.72,158.72,157.69,160.59,157.42,157.9
10/10/2018,30610000,156.27,156.27,156.27,156.82,157.69,151.31,151.38
10/11/2018,35338900,155.3,155.3,155.3,150.13,154.81,149.16,153.35
10/12/2018,25293500,154.78,154.78,154.78,156.73,156.89,151.3,153.74
10/15/2018,15433500,154.36,154.36,154.36,153.32,155.57,152.55,153.52
10/16/2018,19180100,155.83,155.83,155.83,155.4,159.46,155.01,158.78
10/17/2018,17592000,157.03,157.03,157.03,159.56,160.49,157.95,159.42
10/18/2018,21675100,156.33,156.33,156.33,158.51,158.66,153.28,154.92
10/19/2018,19761300,155.57,155.57,155.57,155.86,157.35,153.55,154.05
10/22/2018,15424700,155.3,155.3,155.3,154.76,157.34,154.46,154.78
10/23/2018,19095000,155,155,155,151.22,154.77,150.85,154.39
10/24/2018,27744600,152.01,152.01,152.01,154.28,154.65,145.6,146.04
10/25/2018,22105700,151.66,151.66,151.66,147.73,152.21,147,150.95
10/26/2018,31303300,149.56,149.56,149.56,145.82,149,143.8,145.37
10/29/2018,31336800,147.07,147.07,147.07,148.5,148.83,139.03,142.09
10/30/2018,50528300,146.79,146.79,146.79,139.94,146.64,139.74,146.22
10/31/2018,60101300,148.46,148.46,148.46,155,156.4,148.96,151.79
11/1/2018,25640800,149.55,149.55,149.55,151.52,152.75,149.35,151.75
11/2/2018,24708700,149.82,149.82,149.82,151.8,154.13,148.96,150.35
11/5/2018,15971200,149.44,149.44,149.44,150.1,150.19,147.44,148.68
11/6/2018,16667100,149.61,149.61,149.61,149.31,150.97,148,149.94
11/7/2018,21877400,150.25,150.25,150.25,151.57,153.01,149.83,151.53
11/8/2018,24145800,149.45,149.45,149.45,150.49,150.94,146.74,147.87
11/9/2018,17326900,147.96,147.96,147.96,146.75,147.76,144.07,144.96
11/12/2018,18542100,145.82,145.82,145.82,144.48,145.04,140.49,141.55
11/13/2018,15141700,144.6,144.6,144.6,142,144.88,141.62,142.16
11/14/2018,22068400,144.47,144.47,144.47,143.7,145.58,141.55,144.22
11/15/2018,30320300,144.27,144.27,144.27,142.33,144.84,140.83,143.85
11/16/2018,37250600,142.69,142.69,142.69,141.07,141.77,137.77,139.53
11/19/2018,44362700,138.97,138.97,138.97,137.61,137.75,131.21,131.55
11/20/2018,41939500,136.79,136.79,136.79,127.03,134.16,126.85,132.43
11/21/2018,25469700,136.14,136.14,136.14,134.4,137.19,134.13,134.82
11/23/2018,11886100,134.67,134.67,134.67,133.65,134.5,131.26,131.73
11/26/2018,24263600,135.24,135.24,135.24,133,137,132.78,136.38
11/27/2018,20750300,135.16,135.16,135.16,135.75,136.61,133.71,135
11/28/2018,29847500,135.69,135.69,135.69,136.28,136.79,131.85,136.76
11/29/2018,24238700,136.69,136.69,136.69,135.92,139.99,135.66,138.68
11/30/2018,25732600,138,138,138,138.26,140.97,137.36,140.61
12/3/2018,24819200,139.03,139.03,139.03,143,143.68,140.76,141.09
12/4/2018,30307400,138.66,138.66,138.66,140.73,143.39,137.16,137.93
12/6/2018,28218100,138.98,138.98,138.98,133.82,139.7,133.67,139.63
12/7/2018,21195500,138.46,138.46,138.46,139.25,140.87,136.66,137.42
12/10/2018,26422200,139.59,139.59,139.59,139.6,143.05,139.01,141.85
12/11/2018,20300300,140.42,140.42,140.42,143.88,143.88,141.1,142.08
12/12/2018,23696900,141.78,141.78,141.78,143.08,147.19,142.51,144.5
12/13/2018,18148600,142.86,142.86,142.86,145.57,145.85,143.19,145.01
12/14/2018,21785800,143.26,143.26,143.26,143.34,146.01,142.51,144.06
12/17/2018,24334000,142.24,142.24,142.24,143.08,144.92,138.42,140.19
12/18/2018,24709100,142.71,142.71,142.71,141.08,145.93,139.83,143.66
12/19/2018,57404900,139.55,139.55,139.55,141.21,144.91,132.5,133.24
12/20/2018,40297900,137.5,137.5,137.5,130.7,135.57,130,133.4
12/21/2018,56901500,133.32,133.32,133.32,133.39,134.9,123.42,124.95
12/24/2018,22066000,130.23,130.23,130.23,123.1,129.74,123.02,124.06
12/26/2018,39723400,131.55,131.55,131.55,126,134.24,125.89,134.18
12/27/2018,31202500,132.54,132.54,132.54,132.44,134.99,129.67,134.52
12/28/2018,22627600,132.76,132.76,132.76,135.34,135.92,132.2,133.2
12/31/2018,24625300,132.2,132.2,132.2,134.45,134.64,129.95,131.09
1/2/2019,28146200,133.36,133.36,133.36,128.99,137.51,128.56,135.68
1/3/2019,22717900,132.82,132.82,132.82,134.69,137.17,131.12,131.74
1/4/2019,29002100,134.53,134.53,134.53,134.01,138,133.75,137.95
1/7/2019,20089300,135.7,135.7,135.7,137.56,138.87,135.91,138.05
1/8/2019,26263800,137.98,137.98,137.98,139.89,143.14,139.54,142.53
1/9/2019,22205900,140.06,140.06,140.06,142.95,144.7,141.27,144.23
1/10/2019,16125000,141.44,141.44,141.44,143.08,144.56,140.84,144.2
1/11/2019,12908000,142.23,142.23,142.23,143.15,145.36,142.57,143.8
1/14/2019,20520300,143.28,143.28,143.28,142,146.57,141.27,145.39
1/15/2019,24069000,145.17,145.17,145.17,146.01,150.68,145.99,148.95
1/16/2019,18025700,145.96,145.96,145.96,149,149.65,147,147.54
1/17/2019,15787900,146.74,146.74,146.74,146.95,149,146.5,148.3
1/18/2019,31029600,147.84,147.84,147.84,149.75,152.43,148.55,150.04
1/22/2019,22378700,147.75,147.75,147.75,149.2,151.53,146.37,147.57
1/23/2019,20098400,146.6,146.6,146.6,148.28,148.8,143.06,144.3
1/24/2019,20955500,146.34,146.34,146.34,144.64,146.44,142.52,145.83
1/25/2019,22237200,147.23,147.23,147.23,147.48,149.83,146.54,149.01
1/28/2019,15508500,147.31,147.31,147.31,148.05,148.96,146.21,147.47
1/29/2019,17632100,146.27,146.27,146.27,148.09,148.1,143.43,144.19
1/30/2019,44613200,147.65,147.65,147.65,146.22,150.95,145.7,150.42
1/31/2019,77233600,154,154,154,165.6,171.68,165,166.69
2/1/2019,30806500,157.9,157.9,157.9,165.84,169.1,165.66,165.71
2/4/2019,20036000,161.69,161.69,161.69,165.7,169.3,163.62,169.25
2/5/2019,22557000,164.84,164.84,164.84,169.15,171.98,168.69,171.16
2/6/2019,13281200,166.73,166.73,166.73,171.2,172.47,169.27,170.49
2/7/2019,17517600,166.61,166.61,166.61,168.2,169.24,165.25,166.38
2/8/2019,12561400,166.85,166.85,166.85,164.47,167.37,164.21,167.33
2/11/2019,12811200,166.5,166.5,166.5,167.9,168.3,165.08,165.79
2/12/2019,16292300,166.01,166.01,166.01,166.86,168.34,164.5,165.04
2/13/2019,14205100,165.36,165.36,165.36,165.38,166.22,163.73,164.07
2/14/2019,12755200,164.89,164.89,164.89,163.19,164.87,162.25,163.95
2/15/2019,15504400,164.1,164.1,164.1,164.51,164.7,160.86,162.5
2/19/2019,14345400,163.49,163.49,163.49,160.5,164.15,160.33,162.29
2/20/2019,11770700,163.18,163.18,163.18,162.25,163.72,161.25,162.56
2/21/2019,15607800,162.13,162.13,162.13,161.93,162.24,159.59,160.04
2/22/2019,15858500,162.05,162.05,162.05,160.58,162.41,160.31,161.89
2/25/2019,18737100,162.91,162.91,162.91,163.07,166.07,162.9,164.62
2/26/2019,13784100,163.32,163.32,163.32,164.34,166.24,163.8,164.13
2/27/2019,12697500,163.15,163.15,163.15,162.9,163.93,160.41,162.81
2/28/2019,11114200,162.58,162.58,162.58,162.37,163.5,160.86,161.45
3/1/2019,11097800,162.48,162.48,162.48,162.6,163.13,161.69,162.28
3/4/2019,18894700,164.11,164.11,164.11,163.9,167.5,163.83,167.37
3/5/2019,28187900,166.49,166.49,166.49,167.37,171.88,166.55,171.26
3/6/2019,21531700,168.5,168.5,168.5,172.9,173.57,171.27,172.51
3/7/2019,18306500,168.71,168.71,168.71,171.5,171.74,167.61,169.13
3/8/2019,13184800,169.01,169.01,169.01,166.2,169.62,165.97,169.6
3/11/2019,18884000,170.03,170.03,170.03,171.6,174.3,171.58,172.07
3/12/2019,12155300,170.66,170.66,170.66,172.09,173.8,171.22,171.92
3/13/2019,11973300,171.56,171.56,171.56,172.32,174.03,172.12,173.37
3/14/2019,18037400,171.1,171.1,171.1,169.76,171.15,168.16,170.17
3/15/2019,37135400,169.39,169.39,169.39,167.16,167.58,162.51,165.98
3/18/2019,37524200,166.42,166.42,166.42,163.57,163.9,159.28,160.47
3/19/2019,25611500,164.8,164.8,164.8,161.48,163.82,160.82,161.57
3/20/2019,20211500,165.01,165.01,165.01,161.5,166.12,161.24,165.44
3/21/2019,16223000,165.37,165.37,165.37,164.89,166.39,163.75,166.08
3/22/2019,16389200,165.03,165.03,165.03,165.65,167.42,164.09,164.34
3/25/2019,12631200,165.45,165.45,165.45,163,166.54,162,166.29
3/26/2019,15437900,166.19,166.19,166.19,167.35,169.45,166.35,167.68
3/27/2019,10620300,166.08,166.08,166.08,167.85,168.94,164.79,165.87
3/28/2019,10689200,165.91,165.91,165.91,164.57,166.72,163.33,165.55
3/29/2019,13455500,166.17,166.17,166.17,166.39,167.19,164.81,166.69
4/1/2019,10381500,167.01,167.01,167.01,167.83,168.9,167.28,168.7
4/2/2019,23946500,169.41,169.41,169.41,170.14,174.9,169.55,174.2
4/3/2019,27590100,170.79,170.79,170.79,174.5,177.96,172.95,173.54
4/4/2019,17847700,172.53,172.53,172.53,176.02,178,175.53,176.02
4/5/2019,9594100,173.59,173.59,173.59,176.88,177,175.1,175.72
4/8/2019,7297400,174.04,174.04,174.04,175.21,175.5,174.23,174.93
4/9/2019,19751000,175.22,175.22,175.22,175.62,179.19,175.55,177.58
4/10/2019,11701500,176.09,176.09,176.09,178.18,178.79,176.54,177.82
4/11/2019,8071000,176.56,176.56,176.56,178.24,178.4,177,177.51
4/12/2019,12329800,177.41,177.41,177.41,178,179.63,177.95,179.1
4/15/2019,10834800,178.15,178.15,178.15,178.5,180.5,176.87,179.65
4/16/2019,11215200,178.39,178.39,178.39,179,180.17,178.3,178.87
4/17/2019,9973700,178.52,178.52,178.52,179.6,180.74,178.36,178.78
4/18/2019,11655600,178.44,178.44,178.44,178.8,178.88,177.34,178.28
4/22/2019,13389900,179.44,179.44,179.44,178.25,181.67,178.25,181.44
4/23/2019,19954800,180.89,180.89,180.89,182.74,184.22,181.48,183.78
4/24/2019,37289900,181.45,181.45,181.45,184.49,185.14,181.65,182.58
4/25/2019,54148800,185.39,185.39,185.39,196.98,198.48,192.12,193.26
4/26/2019,22075000,187.42,187.42,187.42,192.5,192.9,189.09,191.49
4/29/2019,19641300,189.87,189.87,189.87,190.95,195.41,190.65,194.78
4/30/2019,23494700,191.05,191.05,191.05,194.19,197.39,192.28,193.4
5/1/2019,15996600,191.71,191.71,191.71,194.78,196.18,193.01,193.03
5/2/2019,13209500,191.98,191.98,191.98,193,194,189.75,192.53
5/3/2019,14575400,193.15,193.15,193.15,194.38,196.16,193.71,195.47
5/6/2019,13994900,193.39,193.39,193.39,191.24,194.28,190.55,193.88
5/7/2019,16253000,192.18,192.18,192.18,192.54,192.9,187.85,189.77
5/8/2019,12505700,191.3,191.3,191.3,189.39,190.72,188.55,189.54
5/9/2019,12967000,190.42,190.42,190.42,187.2,189.77,186.26,188.65
5/10/2019,12578500,189.73,189.73,189.73,188.25,190,184.59,188.34
5/13/2019,16833300,187,187,187,183.5,185.43,180.84,181.54
5/14/2019,17628100,184.91,184.91,184.91,182.52,183.49,178.1,180.73
5/15/2019,16746900,185.36,185.36,185.36,180.42,187.28,180.02,186.27
5/16/2019,12953100,185.9,185.9,185.9,185.05,188.58,185.05,186.99
5/17/2019,10485400,185.7,185.7,185.7,184.84,187.58,184.28,185.3
5/20/2019,10352000,184.71,184.71,184.71,181.88,184.23,181.37,182.72
5/21/2019,7502800,184.75,184.75,184.75,184.57,185.7,183.89,184.82
5/22/2019,9213800,184.94,184.94,184.94,184.73,186.74,183.61,185.32
5/23/2019,12768800,183.58,183.58,183.58,182.42,183.9,179.67,180.87
5/24/2019,8807700,182.74,182.74,182.74,182.33,183.63,180.83,181.06
5/28/2019,14843300,183.26,183.26,183.26,181.54,184.71,181.45,184.31
5/29/2019,12797700,182.91,182.91,182.91,183.5,184.56,181.35,182.19
5/30/2019,8581500,182.94,182.94,182.94,183.08,183.48,180.89,183.01
5/31/2019,15226500,181.12,181.12,181.12,180.28,180.54,177.16,177.47
6/3/2019,56059600,175.46,175.46,175.46,175,175.05,161.01,164.15
6/4/2019,46044300,172.81,172.81,172.81,163.71,168.28,160.84,167.5
6/5/2019,19758300,171.26,171.26,171.26,167.48,168.72,164.63,168.17
6/6/2019,12446400,170.28,170.28,170.28,168.3,169.7,167.23,168.33
6/7/2019,16917300,171.31,171.31,171.31,170.17,173.87,168.84,173.35
6/10/2019,14767900,172.48,172.48,172.48,174.75,177.86,173.8,174.82
6/11/2019,15266600,174.35,174.35,174.35,178.48,179.98,176.79,178.1
6/12/2019,17681500,174.58,174.58,174.58,178.38,179.27,172.88,175.04
6/13/2019,12253600,175.54,175.54,175.54,175.53,178.03,174.61,177.47
6/14/2019,16773700,177.47,177.47,177.47,180.51,181.84,180,181.33
6/17/2019,29459900,181.32,181.32,181.32,185.01,189.5,184.41,189.01
6/18/2019,37571400,183.7,183.7,183.7,194,194.53,187.28,188.47
6/19/2019,21417100,184.96,184.96,184.96,187,188.1,184.55,187.48
6/20/2019,14635700,186.48,186.48,186.48,190.95,191.16,187.64,189.53
6/21/2019,22751200,188.04,188.04,188.04,188.75,192,188.75,191.14
6/24/2019,15509000,189.56,189.56,189.56,192.42,193.98,191.57,192.6
6/25/2019,16750300,189.32,189.32,189.32,192.88,193.14,188.13,188.84
6/26/2019,12808600,188.77,188.77,188.77,189.54,190.76,187.31,187.66
6/27/2019,11159000,189.01,189.01,189.01,189.88,198.88,188.27,189.5
6/28/2019,16378900,190.34,190.34,190.34,190.55,193.2,189.94,193
7/1/2019,14204700,191.23,191.23,191.23,195.21,195.28,191.93,193
7/2/2019,9050000,192.48,192.48,192.48,193,195,192.71,195
7/3/2019,10246100,194.06,194.06,194.06,194.16,197.4,194.16,197.2
7/5/2019,11164100,194.84,194.84,194.84,196.18,197.07,194.17,196.4
7/8/2019,9723900,195.15,195.15,195.15,195.19,196.68,193.64,195.76
7/9/2019,14698600,196.5,196.5,196.5,194.97,199.46,194.89,199.21
7/10/2019,20571700,198.58,198.58,198.58,200,202.96,199.67,202.73
7/11/2019,13678500,199.46,199.46,199.46,203.26,203.8,200.21,201.23
7/12/2019,15366300,201.26,201.26,201.26,199.68,205.3,199.16,204.87
7/15/2019,16030300,202.15,202.15,202.15,204.25,205.33,201.82,203.91
7/16/2019,12132700,202.71,202.71,202.71,203.89,205.47,203.1,203.84
7/17/2019,12083700,202.41,202.41,202.41,204.18,204.36,201.59,201.8
7/18/2019,11956600,201.86,201.86,201.86,200.15,202.47,199.38,200.78
7/19/2019,12098300,200.7,200.7,200.7,202.18,202.33,198.07,198.36
7/22/2019,13589000,201.24,201.24,201.24,199.91,202.57,198.81,202.32
7/23/2019,14583700,201.61,201.61,201.61,202.84,204.24,200.96,202.36
7/24/2019,32532500,202.63,202.63,202.63,197.63,204.81,197.22,204.66
7/25/2019,39889900,201.99,201.99,201.99,206.7,208.66,198.26,200.71
7/26/2019,24434000,201.24,201.24,201.24,200.19,202.88,196.25,199.75
7/29/2019,16530800,199.47,199.47,199.47,199,199.63,195.3,195.94
7/30/2019,11903600,198.66,198.66,198.66,195.39,198.71,193.5,197.04
7/31/2019,14593500,197.19,197.19,197.19,196.95,198.76,192.68,194.23
8/1/2019,17777000,195.7,195.7,195.7,194.17,198.47,190.88,192.73
8/2/2019,15297000,193.47,193.47,193.47,191.1,192.62,188.07,189.02
8/5/2019,23086700,189.56,189.56,189.56,184.69,185.67,179.34,181.73
8/6/2019,18035700,187.88,187.88,187.88,183.69,185.79,183.09,184.51
8/7/2019,15833200,186.97,186.97,186.97,183.6,186.37,181.22,185.15
8/8/2019,14828900,188.03,188.03,188.03,186.62,190.34,184.05,190.16
8/9/2019,11058800,187.97,187.97,187.97,190,190.98,187.12,187.85
8/12/2019,10936300,187.1,187.1,187.1,186.85,187.59,184.46,185.37
8/13/2019,13577000,187.55,187.55,187.55,185.52,191.38,185.37,188.45
8/14/2019,18903700,184.94,184.94,184.94,185.8,185.99,179.31,179.71
8/15/2019,12925900,184.16,184.16,184.16,180.95,183.2,180.03,182.59
8/16/2019,12654600,184,184,184,183.75,185.1,182.36,183.7
8/19/2019,9691200,184.73,184.73,184.73,186.01,187.5,184.85,186.17
8/20/2019,10083400,184.42,184.42,184.42,185.45,186,182.39,183.81
8/21/2019,8398200,184.13,184.13,184.13,185,185.9,183.14,183.55
8/22/2019,10821400,183.43,183.43,183.43,183.43,184.11,179.91,182.04
8/23/2019,17323400,181.54,181.54,181.54,180.84,183.13,176.66,177.75
8/26/2019,8773600,181.15,181.15,181.15,179.4,180.5,178.24,180.36
8/27/2019,14399600,181.2,181.2,181.2,181.93,184.04,181.01,181.3
